Time,1F:10XOFFICE2:WINTER DESIGN DAY:Des Heat Load [W],1F:10XOFFICE2:SUMMER DESIGN DAY:Des Sens Cool Load [W],1F:10XOFFICE2:WINTER DESIGN DAY:Des Heat Mass Flow [kg/s],1F:10XOFFICE2:SUMMER DESIGN DAY:Des Cool Mass Flow [kg/s],1F:02XLOBBY:WINTER DESIGN DAY:Des Heat Load [W],1F:02XLOBBY:SUMMER DESIGN DAY:Des Sens Cool Load [W],1F:02XLOBBY:WINTER DESIGN DAY:Des Heat Mass Flow [kg/s],1F:02XLOBBY:SUMMER DESIGN DAY:Des Cool Mass Flow [kg/s],1F:07XBREAKROOM:WINTER DESIGN DAY:Des Heat Load [W],1F:07XBREAKROOM:SUMMER DESIGN DAY:Des Sens Cool Load [W],1F:07XBREAKROOM:WINTER DESIGN DAY:Des Heat Mass Flow [kg/s],1F:07XBREAKROOM:SUMMER DESIGN DAY:Des Cool Mass Flow [kg/s],1F:06XDRESSING2:WINTER DESIGN DAY:Des Heat Load [W],1F:06XDRESSING2:SUMMER DESIGN DAY:Des Sens Cool Load [W],1F:06XDRESSING2:WINTER DESIGN DAY:Des Heat Mass Flow [kg/s],1F:06XDRESSING2:SUMMER DESIGN DAY:Des Cool Mass Flow [kg/s],1F:04XCNTRLMNTRNGRM:WINTER DESIGN DAY:Des Heat Load [W],1F:04XCNTRLMNTRNGRM:SUMMER DESIGN DAY:Des Sens Cool Load [W],1F:04XCNTRLMNTRNGRM:WINTER DESIGN DAY:Des Heat Mass Flow [kg/s],1F:04XCNTRLMNTRNGRM:SUMMER DESIGN DAY:Des Cool Mass Flow [kg/s],1F:01XCORRIDOR:WINTER DESIGN DAY:Des Heat Load [W],1F:01XCORRIDOR:SUMMER DESIGN DAY:Des Sens Cool Load [W],1F:01XCORRIDOR:WINTER DESIGN DAY:Des Heat Mass Flow [kg/s],1F:01XCORRIDOR:SUMMER DESIGN DAY:Des Cool Mass Flow [kg/s],1F:03XEVHALL:WINTER DESIGN DAY:Des Heat Load [W],1F:03XEVHALL:SUMMER DESIGN DAY:Des Sens Cool Load [W],1F:03XEVHALL:WINTER DESIGN DAY:Des Heat Mass Flow [kg/s],1F:03XEVHALL:SUMMER DESIGN DAY:Des Cool Mass Flow [kg/s],1F:09XOFFICE1:WINTER DESIGN DAY:Des Heat Load [W],1F:09XOFFICE1:SUMMER DESIGN DAY:Des Sens Cool Load [W],1F:09XOFFICE1:WINTER DESIGN DAY:Des Heat Mass Flow [kg/s],1F:09XOFFICE1:SUMMER DESIGN DAY:Des Cool Mass Flow [kg/s],1F:05XDRESSING1:WINTER DESIGN DAY:Des Heat Load [W],1F:05XDRESSING1:SUMMER DESIGN DAY:Des Sens Cool Load [W],1F:05XDRESSING1:WINTER DESIGN DAY:Des Heat Mass Flow [kg/s],1F:05XDRESSING1:SUMMER DESIGN DAY:Des Cool Mass Flow [kg/s],1F:08XVENDING:WINTER DESIGN DAY:Des Heat Load [W],1F:08XVENDING:SUMMER DESIGN DAY:Des Sens Cool Load [W],1F:08XVENDING:WINTER DESIGN DAY:Des Heat Mass Flow [kg/s],1F:08XVENDING:SUMMER DESIGN DAY:Des Cool Mass Flow [kg/s],2X6F:01XCORRIDOR:WINTER DESIGN DAY:Des Heat Load [W],2X6F:01XCORRIDOR:SUMMER DESIGN DAY:Des Sens Cool Load [W],2X6F:01XCORRIDOR:WINTER DESIGN DAY:Des Heat Mass Flow [kg/s],2X6F:01XCORRIDOR:SUMMER DESIGN DAY:Des Cool Mass Flow [kg/s],2X6F:03XEVHALL:WINTER DESIGN DAY:Des Heat Load [W],2X6F:03XEVHALL:SUMMER DESIGN DAY:Des Sens Cool Load [W],2X6F:03XEVHALL:WINTER DESIGN DAY:Des Heat Mass Flow [kg/s],2X6F:03XEVHALL:SUMMER DESIGN DAY:Des Cool Mass Flow [kg/s],2X6F:05X1XOFFICESP:WINTER DESIGN DAY:Des Heat Load [W],2X6F:05X1XOFFICESP:SUMMER DESIGN DAY:Des Sens Cool Load [W],2X6F:05X1XOFFICESP:WINTER DESIGN DAY:Des Heat Mass Flow [kg/s],2X6F:05X1XOFFICESP:SUMMER DESIGN DAY:Des Cool Mass Flow [kg/s],2X6F:05X3XOFFICESI::Des Heat Load [W],2X6F:05X3XOFFICESI:SUMMER DESIGN DAY:Des Sens Cool Load [W],2X6F:05X3XOFFICESI::Des Heat Mass Flow [kg/s],2X6F:05X3XOFFICESI:SUMMER DESIGN DAY:Des Cool Mass Flow [kg/s],2X6F:02XVENDING:WINTER DESIGN DAY:Des Heat Load [W],2X6F:02XVENDING:SUMMER DESIGN DAY:Des Sens Cool Load [W],2X6F:02XVENDING:WINTER DESIGN DAY:Des Heat Mass Flow [kg/s],2X6F:02XVENDING:SUMMER DESIGN DAY:Des Cool Mass Flow [kg/s],2X6F:04X1XOFFICENP:WINTER DESIGN DAY:Des Heat Load [W],2X6F:04X1XOFFICENP:SUMMER DESIGN DAY:Des Sens Cool Load [W],2X6F:04X1XOFFICENP:WINTER DESIGN DAY:Des Heat Mass Flow [kg/s],2X6F:04X1XOFFICENP:SUMMER DESIGN DAY:Des Cool Mass Flow [kg/s],2X6F:04X2XOFFICENEP:WINTER DESIGN DAY:Des Heat Load [W],2X6F:04X2XOFFICENEP:SUMMER DESIGN DAY:Des Sens Cool Load [W],2X6F:04X2XOFFICENEP:WINTER DESIGN DAY:Des Heat Mass Flow [kg/s],2X6F:04X2XOFFICENEP:SUMMER DESIGN DAY:Des Cool Mass Flow [kg/s],2X6F:04X3XOFFICENWP:WINTER DESIGN DAY:Des Heat Load [W],2X6F:04X3XOFFICENWP:SUMMER DESIGN DAY:Des Sens Cool Load [W],2X6F:04X3XOFFICENWP:WINTER DESIGN DAY:Des Heat Mass Flow [kg/s],2X6F:04X3XOFFICENWP:SUMMER DESIGN DAY:Des Cool Mass Flow [kg/s],2X6F:04X4XOFFICENI::Des Heat Load [W],2X6F:04X4XOFFICENI:SUMMER DESIGN DAY:Des Sens Cool Load [W],2X6F:04X4XOFFICENI::Des Heat Mass Flow [kg/s],2X6F:04X4XOFFICENI:SUMMER DESIGN DAY:Des Cool Mass Flow [kg/s],2X6F:05X2XOFFICESWP:WINTER DESIGN DAY:Des Heat Load [W],2X6F:05X2XOFFICESWP:SUMMER DESIGN DAY:Des Sens Cool Load [W],2X6F:05X2XOFFICESWP:WINTER DESIGN DAY:Des Heat Mass Flow [kg/s],2X6F:05X2XOFFICESWP:SUMMER DESIGN DAY:Des Cool Mass Flow [kg/s],7F:01XCORRIDOR:WINTER DESIGN DAY:Des Heat Load [W],7F:01XCORRIDOR:SUMMER DESIGN DAY:Des Sens Cool Load [W],7F:01XCORRIDOR:WINTER DESIGN DAY:Des Heat Mass Flow [kg/s],7F:01XCORRIDOR:SUMMER DESIGN DAY:Des Cool Mass Flow [kg/s],7F:03XEVHALL:WINTER DESIGN DAY:Des Heat Load [W],7F:03XEVHALL:SUMMER DESIGN DAY:Des Sens Cool Load [W],7F:03XEVHALL:WINTER DESIGN DAY:Des Heat Mass Flow [kg/s],7F:03XEVHALL:SUMMER DESIGN DAY:Des Cool Mass Flow [kg/s],7F:05XOFFICE2:WINTER DESIGN DAY:Des Heat Load [W],7F:05XOFFICE2:SUMMER DESIGN DAY:Des Sens Cool Load [W],7F:05XOFFICE2:WINTER DESIGN DAY:Des Heat Mass Flow [kg/s],7F:05XOFFICE2:SUMMER DESIGN DAY:Des Cool Mass Flow [kg/s],7F:02XVENDING:WINTER DESIGN DAY:Des Heat Load [W],7F:02XVENDING:SUMMER DESIGN DAY:Des Sens Cool Load [W],7F:02XVENDING:WINTER DESIGN DAY:Des Heat Mass Flow [kg/s],7F:02XVENDING:SUMMER DESIGN DAY:Des Cool Mass Flow [kg/s],7F:04XOFFICE1:WINTER DESIGN DAY:Des Heat Load [W],7F:04XOFFICE1:SUMMER DESIGN DAY:Des Sens Cool Load [W],7F:04XOFFICE1:WINTER DESIGN DAY:Des Heat Mass Flow [kg/s],7F:04XOFFICE1:SUMMER DESIGN DAY:Des Cool Mass Flow [kg/s]
01:00:00,1.039009E+04,6.588559E+03,7.730402E-01,4.617827E-01,4.582125E+03,1.669439E+03,3.409151E-01,1.170071E-01,8.768224E+02,4.908808E+02,6.523970E-02,3.440536E-02,6.941351E+02,4.002463E+02,5.164610E-02,2.805284E-02,8.709758E+02,2.648731E+03,6.480706E-02,1.856578E-01,7.399165E+03,3.442685E+03,5.505087E-01,2.412907E-01,7.121368E+02,3.320931E+02,5.298423E-02,2.327564E-02,1.403388E+04,8.494032E+03,1.044143E+00,5.953352E-01,5.246929E+02,2.742821E+02,3.903932E-02,1.922414E-02,1.522295E+03,7.659518E+02,1.132604E-01,5.368431E-02,1.591549E+03,4.994219E+03,1.184121E-01,3.500309E-01,6.302074E+01,4.713138E+02,4.689009E-03,3.303290E-02,1.310353E+04,1.236991E+04,9.747193E-01,8.669910E-01,0.000000E+00,1.275252E+04,0.000000E+00,8.937990E-01,2.460224E+03,2.013597E+03,1.829764E-01,1.411293E-01,1.511648E+04,1.299864E+04,1.124484E+00,9.110543E-01,6.488240E+03,5.919584E+03,4.826118E-01,4.148995E-01,6.647066E+03,6.276284E+03,4.944226E-01,4.399014E-01,0.000000E+00,1.325814E+04,0.000000E+00,9.292353E-01,6.584351E+03,6.460945E+03,4.897432E-01,4.528451E-01,2.838642E+03,2.946228E+03,2.111977E-01,2.064944E-01,3.211191E+02,3.548666E+02,2.389171E-02,2.487170E-02,8.978951E+03,1.132073E+04,6.680451E-01,7.934600E-01,9.133050E+02,7.671888E+02,6.794866E-02,5.377088E-02,1.170994E+04,1.349508E+04,8.712310E-01,9.458593E-01
02:00:00,1.040068E+04,6.477201E+03,7.738271E-01,4.539773E-01,4.594729E+03,1.636296E+03,3.418536E-01,1.146843E-01,8.818340E+02,4.847673E+02,6.561062E-02,3.397660E-02,6.965638E+02,3.969487E+02,5.182589E-02,2.782145E-02,8.732573E+02,2.637057E+03,6.497628E-02,1.848393E-01,7.422893E+03,3.408044E+03,5.522753E-01,2.388630E-01,7.148990E+02,3.282782E+02,5.318984E-02,2.300829E-02,1.405957E+04,8.371580E+03,1.046052E+00,5.867522E-01,5.275252E+02,2.710838E+02,3.924911E-02,1.899982E-02,1.525307E+03,7.579079E+02,1.134847E-01,5.312061E-02,1.668276E+03,4.840465E+03,1.241201E-01,3.392551E-01,7.528497E+01,4.525463E+02,5.601485E-03,3.171756E-02,1.317459E+04,1.205962E+04,9.800123E-01,8.452425E-01,0.000000E+00,1.242098E+04,0.000000E+00,8.705611E-01,2.476965E+03,1.973239E+03,1.842255E-01,1.383010E-01,1.520240E+04,1.266982E+04,1.130883E+00,8.880070E-01,6.520721E+03,5.777923E+03,4.850325E-01,4.049701E-01,6.678848E+03,6.135492E+03,4.967915E-01,4.300328E-01,0.000000E+00,1.294310E+04,0.000000E+00,9.071538E-01,6.613258E+03,6.313631E+03,4.918983E-01,4.425194E-01,2.860966E+03,2.913285E+03,2.128597E-01,2.041858E-01,3.241140E+02,3.508226E+02,2.411465E-02,2.458830E-02,9.014949E+03,1.115252E+04,6.707182E-01,7.816701E-01,9.159614E+02,7.589463E+02,6.814685E-02,5.319329E-02,1.176025E+04,1.330077E+04,8.749682E-01,9.322400E-01
03:00:00,1.043263E+04,6.418142E+03,7.762045E-01,4.498379E-01,4.604069E+03,1.612032E+03,3.425489E-01,1.129838E-01,8.847575E+02,4.810724E+02,6.582761E-02,3.371752E-02,6.980042E+02,3.948306E+02,5.193298E-02,2.767291E-02,8.748492E+02,2.627472E+03,6.509457E-02,1.841678E-01,7.441316E+03,3.386801E+03,5.536468E-01,2.373744E-01,7.170126E+02,3.259903E+02,5.334717E-02,2.284795E-02,1.410263E+04,8.299263E+03,1.049256E+00,5.816835E-01,5.291049E+02,2.692780E+02,3.936646E-02,1.887320E-02,1.527440E+03,7.513886E+02,1.136436E-01,5.266375E-02,1.723152E+03,4.744339E+03,1.282029E-01,3.325181E-01,8.349199E+01,4.405713E+02,6.212102E-03,3.087829E-02,1.324779E+04,1.185517E+04,9.854649E-01,8.309119E-01,0.000000E+00,1.225182E+04,0.000000E+00,8.587044E-01,2.488029E+03,1.942949E+03,1.850521E-01,1.361784E-01,1.528499E+04,1.244655E+04,1.137036E+00,8.723579E-01,6.547605E+03,5.667825E+03,4.870372E-01,3.972531E-01,6.705354E+03,6.022239E+03,4.987683E-01,4.220946E-01,0.000000E+00,1.275451E+04,0.000000E+00,8.939360E-01,6.639689E+03,6.200632E+03,4.938694E-01,4.345990E-01,2.877228E+03,2.893028E+03,2.140703E-01,2.027662E-01,3.263024E+02,3.482731E+02,2.427757E-02,2.440964E-02,9.062492E+03,1.105677E+04,6.742545E-01,7.749594E-01,9.181115E+02,7.529301E+02,6.830728E-02,5.277170E-02,1.181649E+04,1.317588E+04,8.791522E-01,9.234862E-01
04:00:00,1.046077E+04,6.363186E+03,7.782981E-01,4.459861E-01,4.611338E+03,1.591534E+03,3.430901E-01,1.115472E-01,8.868423E+02,4.782051E+02,6.598282E-02,3.351654E-02,6.990345E+02,3.930186E+02,5.200974E-02,2.754592E-02,8.760342E+02,2.618241E+03,6.518275E-02,1.835209E-01,7.455607E+03,3.368935E+03,5.547106E-01,2.361225E-01,7.186329E+02,3.241662E+02,5.346778E-02,2.272013E-02,1.414031E+04,8.232320E+03,1.052060E+00,5.769916E-01,5.301986E+02,2.678938E+02,3.944792E-02,1.877617E-02,1.529065E+03,7.451245E+02,1.137646E-01,5.222476E-02,1.762938E+03,4.665657E+03,1.311632E-01,3.270038E-01,8.945605E+01,4.310250E+02,6.655842E-03,3.020924E-02,1.331073E+04,1.166664E+04,9.901541E-01,8.176982E-01,0.000000E+00,1.210428E+04,0.000000E+00,8.483634E-01,2.496094E+03,1.914586E+03,1.856555E-01,1.341906E-01,1.535568E+04,1.224084E+04,1.142303E+00,8.579395E-01,6.569800E+03,5.565047E+03,4.886930E-01,3.900492E-01,6.727264E+03,5.915087E+03,5.004033E-01,4.145841E-01,0.000000E+00,1.258980E+04,0.000000E+00,8.823914E-01,6.661850E+03,6.092700E+03,4.955230E-01,4.270338E-01,2.889194E+03,2.875314E+03,2.149612E-01,2.015248E-01,3.279168E+02,3.461017E+02,2.439774E-02,2.425747E-02,9.103259E+03,1.096782E+04,6.772879E-01,7.687250E-01,9.197123E+02,7.470471E+02,6.842667E-02,5.235942E-02,1.186425E+04,1.305994E+04,8.827066E-01,9.153600E-01
05:00:00,1.048611E+04,6.310687E+03,7.801832E-01,4.423066E-01,4.617465E+03,1.573574E+03,3.435461E-01,1.102884E-01,8.885561E+02,4.757301E+02,6.611044E-02,3.334307E-02,6.998710E+02,3.913135E+02,5.207201E-02,2.742643E-02,8.770122E+02,2.609193E+03,6.525554E-02,1.828867E-01,7.467413E+03,3.352832E+03,5.555893E-01,2.349940E-01,7.199391E+02,3.226221E+02,5.356500E-02,2.261192E-02,1.417409E+04,8.169778E+03,1.054573E+00,5.726081E-01,5.310801E+02,2.666783E+02,3.951356E-02,1.869099E-02,1.530411E+03,7.389385E+02,1.138649E-01,5.179125E-02,1.794259E+03,4.597205E+03,1.334937E-01,3.222064E-01,9.408302E+01,4.230390E+02,7.000102E-03,2.964954E-02,1.336715E+04,1.148879E+04,9.943589E-01,8.052326E-01,0.000000E+00,1.197224E+04,0.000000E+00,8.391089E-01,2.502647E+03,1.887303E+03,1.861465E-01,1.322786E-01,1.541902E+04,1.204669E+04,1.147022E+00,8.443319E-01,6.589244E+03,5.466382E+03,4.901442E-01,3.831336E-01,6.746493E+03,5.811727E+03,5.018386E-01,4.073394E-01,0.000000E+00,1.244193E+04,0.000000E+00,8.720274E-01,6.681420E+03,5.987583E+03,4.969837E-01,4.196659E-01,2.898632E+03,2.858723E+03,2.156638E-01,2.003621E-01,3.291669E+02,3.441312E+02,2.449080E-02,2.411938E-02,9.139300E+03,1.088419E+04,6.799694E-01,7.628633E-01,9.209971E+02,7.411411E+02,6.852245E-02,5.194552E-02,1.190609E+04,1.295072E+04,8.858197E-01,9.077049E-01
06:00:00,1.050943E+04,6.305352E+03,7.819179E-01,4.419327E-01,4.622881E+03,1.579468E+03,3.439492E-01,1.107016E-01,8.900577E+02,4.751847E+02,6.622218E-02,3.330485E-02,7.005918E+02,3.901164E+02,5.212562E-02,2.734253E-02,8.778651E+02,2.618083E+03,6.531900E-02,1.835097E-01,7.477600E+03,3.344017E+03,5.563475E-01,2.343764E-01,7.210384E+02,3.222235E+02,5.364681E-02,2.258399E-02,1.420507E+04,8.335209E+03,1.056877E+00,5.842030E-01,5.318431E+02,2.656566E+02,3.957032E-02,1.861938E-02,1.531584E+03,7.324919E+02,1.139522E-01,5.133945E-02,1.821021E+03,4.547453E+03,1.354852E-01,3.187197E-01,9.789226E+01,4.179439E+02,7.283523E-03,2.929245E-02,1.341928E+04,1.161399E+04,9.982436E-01,8.140069E-01,0.000000E+00,1.189716E+04,0.000000E+00,8.338467E-01,2.508353E+03,1.860445E+03,1.865743E-01,1.303964E-01,1.547762E+04,1.399770E+04,1.151390E+00,9.810742E-01,6.606989E+03,7.471824E+03,4.914687E-01,5.236928E-01,6.764072E+03,5.896274E+03,5.031510E-01,4.132650E-01,0.000000E+00,1.309394E+04,0.000000E+00,9.177251E-01,6.699336E+03,6.008514E+03,4.983212E-01,4.211327E-01,2.906484E+03,2.857821E+03,2.162483E-01,2.002990E-01,3.301859E+02,3.444984E+02,2.456665E-02,2.414512E-02,9.172000E+03,1.089068E+04,6.824022E-01,7.633184E-01,9.220883E+02,7.355086E+02,6.860379E-02,5.155077E-02,1.194374E+04,1.371511E+04,8.886206E-01,9.612811E-01
07:00:00,1.053110E+04,6.373217E+03,7.835306E-01,4.466893E-01,4.627807E+03,1.633480E+03,3.443158E-01,1.144872E-01,8.914074E+02,4.786965E+02,6.632256E-02,3.355099E-02,7.012316E+02,3.900848E+02,5.217321E-02,2.734032E-02,8.786294E+02,2.653724E+03,6.537585E-02,1.860081E-01,7.486604E+03,3.347519E+03,5.570176E-01,2.346220E-01,7.219850E+02,3.229762E+02,5.371725E-02,2.263676E-02,1.423381E+04,8.599343E+03,1.059016E+00,6.027164E-01,5.325227E+02,2.651266E+02,3.962087E-02,1.858223E-02,1.532632E+03,7.267840E+02,1.140302E-01,5.093942E-02,1.845027E+03,4.529688E+03,1.372716E-01,3.174747E-01,1.011028E+02,4.169853E+02,7.522403E-03,2.922528E-02,1.346797E+04,1.218805E+04,1.001873E+00,8.542423E-01,0.000000E+00,1.192834E+04,0.000000E+00,8.360321E-01,2.513460E+03,1.839172E+03,1.869573E-01,1.289056E-01,1.553246E+04,1.661913E+04,1.155477E+00,1.164811E+00,6.623436E+03,1.187921E+04,4.926965E-01,8.326158E-01,6.780390E+03,6.189717E+03,5.043694E-01,4.338325E-01,0.000000E+00,1.396176E+04,0.000000E+00,9.785502E-01,6.715954E+03,6.228352E+03,4.995619E-01,4.365411E-01,2.913185E+03,2.867995E+03,2.167471E-01,2.010121E-01,3.310357E+02,3.473285E+02,2.462990E-02,2.434349E-02,9.202023E+03,1.102878E+04,6.846359E-01,7.729977E-01,9.230401E+02,7.310290E+02,6.867471E-02,5.123682E-02,1.197813E+04,1.506736E+04,8.911790E-01,1.056062E+00
08:00:00,1.055161E+04,6.471059E+03,7.850567E-01,4.535472E-01,4.632050E+03,1.808495E+03,3.446316E-01,1.267539E-01,8.922855E+02,4.860190E+02,6.638788E-02,3.406422E-02,7.014141E+02,3.916462E+02,5.218679E-02,2.744975E-02,7.603968E+02,2.818994E+03,5.657856E-02,1.975926E-01,7.495101E+03,3.359787E+03,5.576499E-01,2.354819E-01,7.228724E+02,3.239537E+02,5.378328E-02,2.270529E-02,1.426101E+04,8.603165E+03,1.061039E+00,6.029849E-01,5.331563E+02,2.653690E+02,3.966800E-02,1.859922E-02,1.533616E+03,7.235653E+02,1.141034E-01,5.071385E-02,1.868169E+03,4.538553E+03,1.389937E-01,3.180963E-01,1.040893E+02,4.186053E+02,7.744612E-03,2.933884E-02,1.351544E+04,1.288149E+04,1.005410E+00,9.028463E-01,0.000000E+00,1.204884E+04,0.000000E+00,8.444778E-01,2.518487E+03,1.829541E+03,1.873341E-01,1.282306E-01,1.558611E+04,1.645685E+04,1.159475E+00,1.153444E+00,6.639615E+03,1.516793E+04,4.939042E-01,1.063150E+00,6.796458E+03,6.464221E+03,5.055690E-01,4.530733E-01,0.000000E+00,1.383399E+04,0.000000E+00,9.695964E-01,6.732232E+03,6.509207E+03,5.007772E-01,4.562269E-01,2.919456E+03,2.873092E+03,2.172138E-01,2.013694E-01,3.318225E+02,3.494112E+02,2.468846E-02,2.448947E-02,9.230331E+03,1.120797E+04,6.867419E-01,7.855576E-01,9.239483E+02,7.284826E+02,6.874236E-02,5.105836E-02,1.201049E+04,1.565417E+04,8.935862E-01,1.097194E+00
09:00:00,8.334210E+03,8.793630E+03,6.200784E-01,6.163331E-01,4.224044E+03,2.491122E+03,3.142754E-01,1.745984E-01,5.897057E+02,7.959910E+02,4.387531E-02,5.578964E-02,5.477004E+02,5.461771E+02,4.075014E-02,3.828054E-02,6.287179E+02,2.996819E+03,4.678066E-02,2.100579E-01,6.784624E+03,4.076338E+03,5.047891E-01,2.857040E-01,6.668124E+02,3.804980E+02,4.961231E-02,2.666839E-02,1.126032E+04,1.155502E+04,8.377844E-01,8.098760E-01,3.782735E+02,4.199680E+02,2.814438E-02,2.943478E-02,1.434693E+03,8.204715E+02,1.067434E-01,5.750592E-02,9.398458E+02,7.727369E+03,6.992557E-02,5.415933E-01,5.278530E+01,7.002543E+02,3.927413E-03,4.907883E-02,6.769488E+03,2.105471E+04,5.035821E-01,1.475699E+00,0.000000E+00,2.404657E+04,0.000000E+00,1.685374E+00,2.013199E+03,2.339521E+03,1.497508E-01,1.639749E-01,7.806392E+03,2.412064E+04,5.807316E-01,1.690588E+00,3.978631E+03,1.885826E+04,2.959619E-01,1.321834E+00,4.128977E+03,9.395658E+03,3.071444E-01,6.585371E-01,0.000000E+00,2.627658E+04,0.000000E+00,1.841671E+00,4.112753E+03,9.411389E+03,3.059289E-01,6.596408E-01,2.257511E+03,3.551839E+03,1.679638E-01,2.489416E-01,2.734663E+02,4.104930E+02,2.034661E-02,2.877057E-02,4.944245E+03,1.572842E+04,3.678546E-01,1.102393E+00,8.181375E+02,8.340290E+02,6.087001E-02,5.845598E-02,6.849884E+03,2.094814E+04,5.096347E-01,1.468245E+00
10:00:00,6.066433E+03,1.123014E+04,4.513567E-01,7.871134E-01,3.788610E+03,3.296330E+03,2.818795E-01,2.310392E-01,3.934750E+02,9.996975E+02,2.927587E-02,7.006816E-02,4.481784E+02,6.471978E+02,3.334579E-02,4.536130E-02,6.121204E+02,3.094884E+03,4.554601E-02,2.169364E-01,6.021796E+03,4.854221E+03,4.480350E-01,3.402268E-01,6.051957E+02,4.437736E+02,4.502802E-02,3.110340E-02,8.187374E+03,1.468952E+04,6.091587E-01,1.029580E+00,2.757746E+02,5.227770E+02,2.051852E-02,3.664098E-02,1.328789E+03,9.289083E+02,9.886431E-02,6.510649E-02,0.000000E+00,1.124631E+04,0.000000E+00,7.882401E-01,0.000000E+00,1.019145E+03,0.000000E+00,7.142969E-02,0.000000E+00,3.010074E+04,0.000000E+00,2.109772E+00,0.000000E+00,3.644525E+04,0.000000E+00,2.554431E+00,1.464497E+03,2.911953E+03,1.089427E-01,2.040987E-01,0.000000E+00,3.299810E+04,0.000000E+00,2.312839E+00,1.204867E+03,2.056418E+04,8.963552E-02,1.441429E+00,1.349964E+03,1.241143E+04,1.004295E-01,8.699277E-01,0.000000E+00,3.939310E+04,0.000000E+00,2.761038E+00,1.390612E+03,1.238102E+04,1.034517E-01,8.677988E-01,1.541498E+03,4.301808E+03,1.146918E-01,3.015073E-01,2.091914E+02,4.786022E+02,1.556449E-02,3.354434E-02,5.556018E+02,2.049199E+04,4.133810E-02,1.436290E+00,7.039946E+02,9.527153E+02,5.237806E-02,6.677488E-02,1.560662E+03,2.619231E+04,1.161169E-01,1.835826E+00
11:00:00,5.989949E+03,1.152789E+04,4.456742E-01,8.080011E-01,3.746817E+03,3.589481E+03,2.787710E-01,2.515935E-01,4.956537E+02,9.049138E+02,3.687941E-02,6.342730E-02,5.003166E+02,5.979086E+02,3.722649E-02,4.190829E-02,6.058657E+02,3.217019E+03,4.508153E-02,2.255044E-01,5.938086E+03,4.958246E+03,4.418083E-01,3.475212E-01,5.961530E+02,4.547816E+02,4.435536E-02,3.187509E-02,8.075807E+03,1.487096E+04,6.008693E-01,1.042321E+00,3.257492E+02,4.739583E+02,2.423759E-02,3.322057E-02,1.317651E+03,9.469939E+02,9.803583E-02,6.637440E-02,0.000000E+00,1.174799E+04,0.000000E+00,8.234131E-01,0.000000E+00,1.077234E+03,0.000000E+00,7.550180E-02,0.000000E+00,3.239642E+04,0.000000E+00,2.270736E+00,0.000000E+00,3.723283E+04,0.000000E+00,2.609703E+00,1.397923E+03,3.010357E+03,1.039966E-01,2.109982E-01,0.000000E+00,3.364404E+04,0.000000E+00,2.358162E+00,1.061452E+03,1.803016E+04,7.897433E-02,1.263823E+00,1.207600E+03,1.268557E+04,8.984758E-02,8.891616E-01,0.000000E+00,3.996846E+04,0.000000E+00,2.801432E+00,1.263125E+03,1.266998E+04,9.397798E-02,8.880725E-01,1.453835E+03,4.408520E+03,1.081704E-01,3.089881E-01,1.994388E+02,4.893963E+02,1.483896E-02,3.430101E-02,4.112204E+02,2.108337E+04,3.059684E-02,1.477786E+00,6.905769E+02,9.726635E+02,5.138007E-02,6.817331E-02,1.378502E+03,2.600957E+04,1.025670E-01,1.823070E+00
12:00:00,5.932583E+03,1.173464E+04,4.414134E-01,8.225022E-01,3.722863E+03,3.685583E+03,2.769884E-01,2.583281E-01,4.890145E+02,9.164361E+02,3.638651E-02,6.423586E-02,4.974786E+02,6.031640E+02,3.701680E-02,4.227754E-02,6.020069E+02,3.308373E+03,4.479490E-02,2.319075E-01,5.886629E+03,5.013682E+03,4.379792E-01,3.514068E-01,5.903665E+02,4.605878E+02,4.392479E-02,3.228199E-02,7.991956E+03,1.497018E+04,5.946408E-01,1.049288E+00,3.218020E+02,4.782069E+02,2.394470E-02,3.351890E-02,1.311162E+03,9.607053E+02,9.755285E-02,6.733517E-02,0.000000E+00,1.199587E+04,0.000000E+00,8.407798E-01,0.000000E+00,1.107694E+03,0.000000E+00,7.763644E-02,0.000000E+00,3.408214E+04,0.000000E+00,2.388898E+00,0.000000E+00,3.772482E+04,0.000000E+00,2.644182E+00,1.360894E+03,3.077118E+03,1.012416E-01,2.156755E-01,0.000000E+00,3.387246E+04,0.000000E+00,2.374168E+00,9.974988E+02,1.522221E+04,7.421635E-02,1.066981E+00,1.143614E+03,1.278338E+04,8.508729E-02,8.960151E-01,0.000000E+00,4.020949E+04,0.000000E+00,2.818320E+00,1.206361E+03,1.279581E+04,8.975501E-02,8.968908E-01,1.401010E+03,4.458539E+03,1.042399E-01,3.124918E-01,1.931482E+02,4.939845E+02,1.437091E-02,3.462245E-02,3.215960E+02,2.148950E+04,2.392839E-02,1.506277E+00,6.828617E+02,9.860054E+02,5.080591E-02,6.910799E-02,1.266496E+03,2.562203E+04,9.423366E-02,1.795935E+00
13:00:00,6.783645E+03,1.104248E+04,5.047435E-01,7.739775E-01,3.712570E+03,3.724128E+03,2.762222E-01,2.610225E-01,4.854008E+02,9.238863E+02,3.611789E-02,6.475663E-02,4.959338E+02,6.070117E+02,3.690180E-02,4.254628E-02,5.999935E+02,3.345000E+03,4.464509E-02,2.344663E-01,5.867515E+03,5.041467E+03,4.365564E-01,3.533503E-01,5.884109E+02,4.628847E+02,4.377923E-02,3.244279E-02,9.141264E+03,1.394169E+04,6.801646E-01,9.771864E-01,3.198218E+02,4.809949E+02,2.379747E-02,3.371360E-02,1.308016E+03,9.726306E+02,9.731864E-02,6.817041E-02,0.000000E+00,1.205422E+04,0.000000E+00,8.448580E-01,0.000000E+00,1.116990E+03,0.000000E+00,7.828727E-02,1.961585E+03,3.177610E+04,1.459487E-01,2.227234E+00,0.000000E+00,3.332847E+04,0.000000E+00,2.336002E+00,1.348806E+03,3.122615E+03,1.003408E-01,2.188607E-01,2.335088E+03,3.068189E+04,1.737385E-01,2.150509E+00,2.006301E+03,1.264624E+04,1.492737E-01,8.863959E-01,2.154986E+03,1.230367E+04,1.603353E-01,8.623791E-01,0.000000E+00,3.531163E+04,0.000000E+00,2.474991E+00,2.202810E+03,1.234064E+04,1.638921E-01,8.649746E-01,1.390892E+03,4.466975E+03,1.034869E-01,3.130801E-01,1.910573E+02,4.944480E+02,1.421532E-02,3.465467E-02,1.968604E+03,2.005517E+04,1.464745E-01,1.405715E+00,6.809486E+02,9.948665E+02,5.066335E-02,6.972830E-02,3.251754E+03,2.347092E+04,2.419479E-01,1.645129E+00
14:00:00,6.773624E+03,1.138665E+04,5.040016E-01,7.980884E-01,3.704851E+03,3.763891E+03,2.756476E-01,2.638055E-01,4.832075E+02,9.284415E+02,3.595442E-02,6.507467E-02,4.949103E+02,6.093987E+02,3.682501E-02,4.271280E-02,5.985787E+02,3.323466E+03,4.453980E-02,2.329516E-01,5.852977E+03,5.068028E+03,4.354743E-01,3.552083E-01,5.867946E+02,4.654411E+02,4.365893E-02,3.262177E-02,9.128548E+03,1.435845E+04,6.792237E-01,1.006382E+00,3.186479E+02,4.830236E+02,2.370986E-02,3.385518E-02,1.305958E+03,9.829453E+02,9.716538E-02,6.889288E-02,0.000000E+00,1.211572E+04,0.000000E+00,8.491620E-01,0.000000E+00,1.124452E+03,0.000000E+00,7.880980E-02,1.961585E+03,3.143212E+04,1.459487E-01,2.203096E+00,0.000000E+00,3.348719E+04,0.000000E+00,2.347097E+00,1.341120E+03,3.163462E+03,9.976739E-02,2.217214E-01,2.335088E+03,3.093430E+04,1.737385E-01,2.168180E+00,2.043643E+03,1.248085E+04,1.520487E-01,8.747909E-01,2.193380E+03,1.452304E+04,1.631881E-01,1.017934E+00,0.000000E+00,3.546655E+04,0.000000E+00,2.485823E+00,2.238842E+03,1.450896E+04,1.665685E-01,1.016950E+00,1.382494E+03,4.481434E+03,1.028619E-01,3.140920E-01,1.894128E+02,4.958004E+02,1.409293E-02,3.474931E-02,1.957772E+03,2.040205E+04,1.456687E-01,1.429997E+00,6.795711E+02,1.003234E+03,5.056065E-02,7.031434E-02,3.242878E+03,2.392014E+04,2.412884E-01,1.676582E+00
15:00:00,5.882041E+03,1.267083E+04,4.376609E-01,8.880972E-01,3.696807E+03,3.943872E+03,2.750489E-01,2.764192E-01,4.818189E+02,9.298900E+02,3.585080E-02,6.517602E-02,4.942453E+02,6.102005E+02,3.677518E-02,4.276890E-02,5.977002E+02,3.250751E+03,4.447443E-02,2.278543E-01,5.835405E+03,5.100525E+03,4.341665E-01,3.574848E-01,5.844767E+02,4.695352E+02,4.348643E-02,3.290864E-02,7.918805E+03,1.611266E+04,5.892093E-01,1.129336E+00,3.179299E+02,4.843365E+02,2.365621E-02,3.394711E-02,1.304706E+03,9.908939E+02,9.707212E-02,6.944980E-02,0.000000E+00,1.226644E+04,0.000000E+00,8.597242E-01,0.000000E+00,1.139850E+03,0.000000E+00,7.988889E-02,0.000000E+00,3.334514E+04,0.000000E+00,2.337184E+00,0.000000E+00,3.834880E+04,0.000000E+00,2.687854E+00,1.330121E+03,3.204922E+03,9.894788E-02,2.246267E-01,0.000000E+00,3.464358E+04,0.000000E+00,2.428172E+00,9.929344E+02,1.361040E+04,7.387318E-02,9.539659E-01,1.141013E+03,1.879750E+04,8.488960E-02,1.317553E+00,0.000000E+00,4.080785E+04,0.000000E+00,2.860202E+00,1.201759E+03,1.865560E+04,8.940777E-02,1.307610E+00,1.360472E+03,4.520056E+03,1.012233E-01,3.167987E-01,1.869467E+02,4.999252E+02,1.390943E-02,3.503839E-02,2.490502E+02,2.247616E+04,1.853079E-02,1.575375E+00,6.770588E+02,1.012321E+03,5.037357E-02,7.095117E-02,1.179947E+03,2.665192E+04,8.779531E-02,1.868060E+00
16:00:00,5.858794E+03,1.294741E+04,4.359278E-01,9.074864E-01,3.690901E+03,3.991242E+03,2.746093E-01,2.797389E-01,4.805893E+02,9.282082E+02,3.575915E-02,6.505813E-02,4.936579E+02,6.097442E+02,3.673143E-02,4.273691E-02,5.969547E+02,3.163251E+03,4.441895E-02,2.217211E-01,5.823003E+03,5.121322E+03,4.332436E-01,3.589418E-01,5.829345E+02,4.724506E+02,4.337167E-02,3.311292E-02,7.880785E+03,1.654989E+04,5.863757E-01,1.159986E+00,3.173011E+02,4.849529E+02,2.360934E-02,3.399032E-02,1.303666E+03,9.961363E+02,9.699466E-02,6.981710E-02,0.000000E+00,1.236738E+04,0.000000E+00,8.667984E-01,0.000000E+00,1.150147E+03,0.000000E+00,8.061056E-02,0.000000E+00,3.214833E+04,0.000000E+00,2.253302E+00,0.000000E+00,3.855183E+04,0.000000E+00,2.702093E+00,1.322175E+03,3.232332E+03,9.835577E-02,2.265475E-01,0.000000E+00,3.486241E+04,0.000000E+00,2.443520E+00,9.239504E+02,1.360720E+04,6.874381E-02,9.537449E-01,1.071614E+03,2.142750E+04,7.972982E-02,1.501916E+00,0.000000E+00,4.116884E+04,0.000000E+00,2.885515E+00,1.135504E+03,2.116786E+04,8.448253E-02,1.483719E+00,1.346224E+03,4.547003E+03,1.001631E-01,3.186873E-01,1.853312E+02,5.031016E+02,1.378921E-02,3.526100E-02,2.082270E+02,2.269452E+04,1.549319E-02,1.590688E+00,6.754009E+02,1.018635E+03,5.025010E-02,7.139369E-02,1.122767E+03,2.716828E+04,8.354008E-02,1.904262E+00
17:00:00,5.832713E+03,1.300272E+04,4.339879E-01,9.113640E-01,3.685527E+03,3.854174E+03,2.742094E-01,2.701316E-01,4.793554E+02,9.243994E+02,3.566731E-02,6.479116E-02,4.930839E+02,6.089415E+02,3.668878E-02,4.268065E-02,5.962280E+02,3.110340E+03,4.436488E-02,2.180125E-01,5.812227E+03,5.132888E+03,4.324416E-01,3.597520E-01,5.816621E+02,4.745218E+02,4.327698E-02,3.325806E-02,7.841835E+03,1.674854E+04,5.834785E-01,1.173911E+00,3.166770E+02,4.850961E+02,2.356291E-02,3.400035E-02,1.302644E+03,9.991406E+02,9.691858E-02,7.002758E-02,0.000000E+00,1.243372E+04,0.000000E+00,8.714468E-01,0.000000E+00,1.156481E+03,0.000000E+00,8.105442E-02,0.000000E+00,3.147516E+04,0.000000E+00,2.206115E+00,0.000000E+00,3.871342E+04,0.000000E+00,2.713420E+00,1.315401E+03,3.248523E+03,9.785100E-02,2.276821E-01,0.000000E+00,3.564000E+04,0.000000E+00,2.498023E+00,8.966616E+02,1.347391E+04,6.671358E-02,9.444026E-01,1.044133E+03,2.256865E+04,7.768526E-02,1.581913E+00,0.000000E+00,4.145168E+04,0.000000E+00,2.905341E+00,1.109942E+03,2.220502E+04,8.258081E-02,1.556426E+00,1.335304E+03,4.568427E+03,9.935054E-02,3.201889E-01,1.840296E+02,5.057088E+02,1.369236E-02,3.544373E-02,1.663268E+02,2.272626E+04,1.237559E-02,1.592915E+00,6.740755E+02,1.023047E+03,5.015138E-02,7.170293E-02,1.069907E+03,2.744514E+04,7.960706E-02,1.923670E+00
18:00:00,5.810754E+03,1.277297E+04,4.323559E-01,8.952598E-01,3.680401E+03,3.542817E+03,2.738279E-01,2.483088E-01,4.184137E+02,9.805204E+02,3.113284E-02,6.872468E-02,4.620747E+02,6.394648E+02,3.438151E-02,4.482002E-02,5.950611E+02,3.082469E+03,4.427805E-02,2.160590E-01,5.802960E+03,5.136477E+03,4.317520E-01,3.600033E-01,5.806748E+02,4.758945E+02,4.320351E-02,3.335425E-02,7.810141E+03,1.673066E+04,5.811228E-01,1.172657E+00,2.858073E+02,5.161205E+02,2.126601E-02,3.617485E-02,1.301454E+03,1.001041E+03,9.683002E-02,7.016075E-02,0.000000E+00,1.249302E+04,0.000000E+00,8.756027E-01,0.000000E+00,1.161449E+03,0.000000E+00,8.140259E-02,0.000000E+00,3.109286E+04,0.000000E+00,2.179318E+00,0.000000E+00,3.926898E+04,0.000000E+00,2.752359E+00,1.309796E+03,3.258738E+03,9.743329E-02,2.283980E-01,0.000000E+00,3.747174E+04,0.000000E+00,2.626413E+00,8.741131E+02,1.326941E+04,6.503590E-02,9.300691E-01,1.021532E+03,2.167345E+04,7.600371E-02,1.519168E+00,0.000000E+00,4.191541E+04,0.000000E+00,2.937844E+00,1.087789E+03,2.128461E+04,8.093256E-02,1.491914E+00,1.327454E+03,4.584363E+03,9.876641E-02,3.213057E-01,1.830366E+02,5.080244E+02,1.361847E-02,3.560602E-02,1.336473E+02,2.246721E+04,9.944066E-03,1.574757E+00,6.730645E+02,1.025951E+03,5.007607E-02,7.190649E-02,1.030192E+03,2.754613E+04,7.665210E-02,1.930748E+00
19:00:00,6.194733E+03,1.171660E+04,4.609277E-01,8.212331E-01,3.675633E+03,3.141136E+03,2.734731E-01,2.201570E-01,3.548214E+02,1.035066E+03,2.640108E-02,7.254956E-02,4.293021E+02,6.701138E+02,3.194296E-02,4.696922E-02,5.934633E+02,3.032173E+03,4.415915E-02,2.125401E-01,5.795488E+03,5.114550E+03,4.311960E-01,3.584688E-01,5.800158E+02,4.755165E+02,4.315447E-02,3.332792E-02,8.326201E+03,1.547434E+04,6.195228E-01,1.084622E+00,2.532857E+02,5.475875E+02,1.884615E-02,3.838127E-02,1.300059E+03,1.001456E+03,9.672618E-02,7.019031E-02,0.000000E+00,1.249140E+04,0.000000E+00,8.754948E-01,0.000000E+00,1.160596E+03,0.000000E+00,8.134308E-02,2.343179E+02,2.875896E+04,1.743412E-02,2.015762E+00,0.000000E+00,3.692131E+04,0.000000E+00,2.587852E+00,1.305570E+03,3.258443E+03,9.711826E-02,2.283789E-01,3.411834E+02,3.458323E+04,2.538525E-02,2.423997E+00,1.288651E+03,1.239273E+04,9.587836E-02,8.686340E-01,1.436422E+03,1.710119E+04,1.068721E-01,1.198699E+00,0.000000E+00,3.935447E+04,0.000000E+00,2.758389E+00,1.501333E+03,1.687575E+04,1.117006E-01,1.182898E+00,1.323534E+03,4.568648E+03,9.847473E-02,3.202061E-01,1.824092E+02,5.084639E+02,1.357178E-02,3.563697E-02,8.630346E+02,2.085552E+04,6.421436E-02,1.461825E+00,6.724485E+02,1.025039E+03,5.003017E-02,7.184298E-02,1.894941E+03,2.561736E+04,1.409946E-01,1.795601E+00
20:00:00,7.158061E+03,1.016132E+04,5.326067E-01,7.122327E-01,3.674715E+03,2.844154E+03,2.734048E-01,1.993430E-01,4.111063E+02,9.673855E+02,3.058919E-02,6.780806E-02,4.575735E+02,6.384193E+02,3.404687E-02,4.474914E-02,5.928266E+02,2.985820E+03,4.411177E-02,2.092980E-01,5.796401E+03,5.072133E+03,4.312639E-01,3.554982E-01,5.805226E+02,4.709527E+02,4.319217E-02,3.300822E-02,9.628492E+03,1.331893E+04,7.164234E-01,9.335624E-01,2.814498E+02,5.171213E+02,2.094188E-02,3.624704E-02,1.299172E+03,1.000053E+03,9.666023E-02,7.009242E-02,0.000000E+00,1.237865E+04,0.000000E+00,8.675979E-01,0.000000E+00,1.149242E+03,0.000000E+00,8.054759E-02,2.305880E+03,2.452719E+04,1.715676E-01,1.719171E+00,0.000000E+00,3.087105E+04,0.000000E+00,2.163813E+00,1.307300E+03,3.244047E+03,9.724643E-02,2.273716E-01,2.791381E+03,2.752512E+04,2.076907E-01,1.929305E+00,2.409201E+03,1.076143E+04,1.792446E-01,7.543026E-01,2.558571E+03,1.192008E+04,1.903565E-01,8.355349E-01,0.000000E+00,3.291164E+04,0.000000E+00,2.306835E+00,2.608448E+03,1.191136E+04,1.940651E-01,8.349248E-01,1.334812E+03,4.520690E+03,9.931380E-02,3.168466E-01,1.832374E+02,5.041245E+02,1.363339E-02,3.533297E-02,2.700607E+03,1.819111E+04,2.009415E-01,1.275097E+00,6.733994E+02,1.020524E+03,5.010085E-02,7.152696E-02,4.106398E+03,2.200539E+04,3.055429E-01,1.542462E+00
21:00:00,7.974938E+03,9.217805E+03,5.933849E-01,6.460912E-01,3.677482E+03,2.679017E+03,2.736106E-01,1.877682E-01,4.720353E+02,9.002419E+02,3.512348E-02,6.310235E-02,4.891565E+02,6.053189E+02,3.639771E-02,4.242961E-02,7.145000E+02,2.848459E+03,5.316539E-02,1.996702E-01,5.803810E+03,5.040030E+03,4.318150E-01,3.532480E-01,5.818987E+02,4.651908E+02,4.329455E-02,3.260437E-02,1.074037E+04,1.201085E+04,7.991504E-01,8.418627E-01,3.122273E+02,4.852150E+02,2.323245E-02,3.401098E-02,1.298883E+03,9.979485E+02,9.663871E-02,6.994495E-02,0.000000E+00,1.224101E+04,0.000000E+00,8.579503E-01,0.000000E+00,1.134897E+03,0.000000E+00,7.954217E-02,4.996010E+03,2.145657E+04,3.717085E-01,1.503924E+00,0.000000E+00,2.631580E+04,0.000000E+00,1.844501E+00,1.314523E+03,3.224976E+03,9.778317E-02,2.260349E-01,5.860981E+03,2.335897E+04,4.360650E-01,1.637259E+00,3.407033E+03,9.524919E+03,2.534696E-01,6.676230E-01,3.559487E+03,9.946491E+03,2.648097E-01,6.971742E-01,0.000000E+00,2.789682E+04,0.000000E+00,1.955310E+00,3.586864E+03,1.003384E+04,2.668420E-01,7.032981E-01,1.356822E+03,4.479195E+03,1.009513E-01,3.139383E-01,1.852631E+02,4.983000E+02,1.378410E-02,3.492474E-02,4.273635E+03,1.641533E+04,3.179876E-01,1.150605E+00,6.755300E+02,1.016073E+03,5.025931E-02,7.121505E-02,6.014486E+03,1.970150E+04,4.475218E-01,1.380944E+00
22:00:00,9.246256E+03,7.899089E+03,6.879669E-01,5.536522E-01,4.084790E+03,2.233396E+03,3.039150E-01,1.565351E-01,6.540312E+02,7.149720E+02,4.866619E-02,5.011570E-02,5.816059E+02,5.125238E+02,4.327702E-02,3.592505E-02,8.451690E+02,2.704420E+03,6.288904E-02,1.895726E-01,6.514323E+03,4.328359E+03,4.846786E-01,3.033680E-01,6.380605E+02,4.075678E+02,4.747310E-02,2.856566E-02,1.246469E+04,1.022849E+04,9.274344E-01,7.169228E-01,4.060890E+02,3.912780E+02,3.021689E-02,2.742640E-02,1.397664E+03,8.983005E+02,1.039881E-01,6.296074E-02,4.991196E+02,9.025099E+03,3.713585E-02,6.325528E-01,0.000000E+00,8.497659E+02,0.000000E+00,5.955803E-02,9.242327E+03,1.690973E+04,6.875994E-01,1.185216E+00,0.000000E+00,1.936330E+04,0.000000E+00,1.357177E+00,1.817750E+03,2.701812E+03,1.352158E-01,1.893669E-01,1.068921E+04,1.815702E+04,7.952510E-01,1.272633E+00,4.966961E+03,7.775221E+03,3.695025E-01,5.449762E-01,5.123998E+03,8.135544E+03,3.811822E-01,5.702325E-01,0.000000E+00,2.038187E+04,0.000000E+00,1.428565E+00,5.112883E+03,8.274347E+03,3.803477E-01,5.799629E-01,2.015608E+03,3.798412E+03,1.499667E-01,2.662235E-01,2.436758E+02,4.362228E+02,1.813015E-02,3.057388E-02,6.750383E+03,1.383290E+04,5.022722E-01,9.695735E-01,7.814837E+02,9.080541E+02,5.814217E-02,6.364415E-02,9.002483E+03,1.655805E+04,6.698453E-01,1.160585E+00
23:00:00,1.030474E+04,6.800990E+03,7.667072E-01,4.766781E-01,4.515922E+03,1.778472E+03,3.359902E-01,1.246496E-01,8.453187E+02,5.223090E+02,6.290015E-02,3.660990E-02,6.782972E+02,4.160258E+02,5.047116E-02,2.916025E-02,8.586247E+02,2.678559E+03,6.389038E-02,1.877559E-01,7.268012E+03,3.582346E+03,5.407519E-01,2.510800E-01,6.983110E+02,3.471468E+02,5.195568E-02,2.433079E-02,1.390106E+04,8.748870E+03,1.034285E+00,6.132049E-01,5.058325E+02,2.921269E+02,3.763867E-02,2.047584E-02,1.503450E+03,7.919418E+02,1.118583E-01,5.550601E-02,1.165387E+03,5.649010E+03,8.670730E-02,3.959260E-01,1.280020E+01,5.464148E+02,9.524010E-04,3.829670E-02,1.278098E+04,1.309388E+04,9.507866E-01,9.177453E-01,0.000000E+00,1.354939E+04,0.000000E+00,9.496628E-01,2.358356E+03,2.146995E+03,1.754126E-01,1.504795E-01,1.472696E+04,1.380626E+04,1.095570E+00,9.676717E-01,6.310790E+03,6.289310E+03,4.694388E-01,4.408196E-01,6.470618E+03,6.634338E+03,4.813246E-01,4.650038E-01,0.000000E+00,1.410230E+04,0.000000E+00,9.884144E-01,6.424636E+03,6.814192E+03,4.778919E-01,4.776109E-01,2.710149E+03,3.085685E+03,2.016392E-01,2.162690E-01,3.061722E+02,3.709689E+02,2.277982E-02,2.600032E-02,8.807506E+03,1.167729E+04,6.553218E-01,8.184651E-01,8.938274E+02,7.937483E+02,6.649977E-02,5.563245E-02,1.148966E+04,1.393815E+04,8.548869E-01,9.769300E-01
24:00:00,1.036790E+04,6.714534E+03,7.713945E-01,4.706134E-01,4.558139E+03,1.716721E+03,3.391298E-01,1.203210E-01,8.647963E+02,5.032392E+02,6.434810E-02,3.527204E-02,6.881943E+02,4.065306E+02,5.120606E-02,2.849381E-02,8.662892E+02,2.663182E+03,6.445944E-02,1.866731E-01,7.350374E+03,3.501222E+03,5.468775E-01,2.453932E-01,7.068223E+02,3.384674E+02,5.258876E-02,2.372239E-02,1.399213E+04,8.636943E+03,1.041043E+00,6.053533E-01,5.176026E+02,2.811646E+02,3.851349E-02,1.970681E-02,1.515443E+03,7.773608E+02,1.127503E-01,5.448388E-02,1.439697E+03,5.262424E+03,1.071152E-01,3.688284E-01,4.056148E+01,5.026105E+02,3.017968E-03,3.522639E-02,1.299900E+04,1.274399E+04,9.669398E-01,8.932108E-01,0.000000E+00,1.317785E+04,0.000000E+00,9.236102E-01,2.424828E+03,2.072101E+03,1.803411E-01,1.452295E-01,1.498605E+04,1.340324E+04,1.114777E+00,9.394133E-01,6.433621E+03,6.095700E+03,4.785472E-01,4.272442E-01,6.593224E+03,6.447549E+03,4.904157E-01,4.519061E-01,0.000000E+00,1.367841E+04,0.000000E+00,9.586925E-01,6.537520E+03,6.635901E+03,4.862577E-01,4.651086E-01,2.791007E+03,3.003559E+03,2.076525E-01,2.105123E-01,3.153348E+02,3.616095E+02,2.346130E-02,2.534427E-02,8.918014E+03,1.151972E+04,6.635247E-01,8.074097E-01,9.065710E+02,7.789736E+02,6.744728E-02,5.459678E-02,1.162913E+04,1.372942E+04,8.652362E-01,9.622870E-01
Peak,1.055161E+04,1.300272E+04,7.850567E-01,9.113640E-01,4.632050E+03,3.991242E+03,3.446316E-01,2.797389E-01,8.922855E+02,1.035066E+03,6.638788E-02,7.254956E-02,7.014141E+02,6.701138E+02,5.218679E-02,4.696922E-02,8.786294E+02,3.345000E+03,6.537585E-02,2.344663E-01,7.495101E+03,5.136477E+03,5.576499E-01,3.600033E-01,7.228724E+02,4.758945E+02,5.378328E-02,3.335425E-02,1.426101E+04,1.674854E+04,1.061039E+00,1.173911E+00,5.331563E+02,5.475875E+02,3.966800E-02,3.838127E-02,1.533616E+03,1.001456E+03,1.141034E-01,7.019031E-02,1.868169E+03,1.249302E+04,1.389937E-01,8.756027E-01,1.040893E+02,1.161449E+03,7.744612E-03,8.140259E-02,1.351544E+04,3.408214E+04,1.005410E+00,2.388898E+00,0.000000E+00,3.926898E+04,0.000000E+00,2.752359E+00,2.518487E+03,3.258738E+03,1.873341E-01,2.283980E-01,1.558611E+04,3.747174E+04,1.159475E+00,2.626413E+00,6.639615E+03,2.056418E+04,4.939042E-01,1.441429E+00,6.796458E+03,2.256865E+04,5.055690E-01,1.581913E+00,0.000000E+00,4.191541E+04,0.000000E+00,2.937844E+00,6.732232E+03,2.220502E+04,5.007772E-01,1.556426E+00,2.919456E+03,4.584363E+03,2.172138E-01,3.213057E-01,3.318225E+02,5.084639E+02,2.468846E-02,3.563697E-02,9.230331E+03,2.272626E+04,6.867419E-01,1.592915E+00,9.239483E+02,1.025951E+03,6.874236E-02,7.190649E-02,1.201049E+04,2.754613E+04,8.935862E-01,1.930748E+00

Peak Vol Flow (m3/s),,,6.523372E-01,7.572914E-01,,,2.863691E-01,2.324471E-01,,,5.516453E-02,6.028453E-02,,,4.336423E-02,3.902873E-02,,,5.432360E-02,1.948281E-01,,,4.633752E-01,2.991422E-01,,,4.469083E-02,2.771547E-02,,,8.816631E-01,9.754529E-01,,,3.296184E-02,3.189264E-02,,,9.481343E-02,5.832413E-02,,,1.154958E-01,7.275758E-01,,,6.435329E-03,6.764089E-02,,,8.354385E-01,1.985037E+00,,,0.000000E+00,2.287053E+00,,,1.556639E-01,1.897857E-01,,,9.634578E-01,2.182399E+00,,,4.104061E-01,1.197745E+00,,,4.200989E-01,1.314480E+00,,,0.000000E+00,2.441180E+00,,,4.161172E-01,1.293301E+00,,,1.804923E-01,2.669867E-01,,,2.051470E-02,2.961228E-02,,,5.706432E-01,1.323622E+00,,,5.712097E-02,5.975018E-02,,,7.425190E-01,1.604341E+00
